POS	POP	REF	ALT	ref_freq	alt_freq
0.0	0.0	G	T	0.674	0.32599999999999996
0.0	1.0	G	T	0.8493	0.15069999999999995
1.0	0.0	A	G	0.5729	0.42710000000000004
1.0	1.0	A	G	0.1694	0.8306
2.0	0.0	T	G	0.9938	0.006199999999999983
2.0	1.0	T	G	0.1032	0.8968
3.0	0.0	C	G	0.95	0.050000000000000044
3.0	1.0	C	G	0.4494	0.5506
4.0	0.0	G	A	0.3169	0.6831
4.0	1.0	G	A	0.9086	0.09140000000000004
5.0	0.0	C	G	0.4274	0.5726
5.0	1.0	C	G	0.6277	0.37229999999999996
6.0	0.0	T	G	0.0815	0.9185
6.0	1.0	T	G	0.5732	0.42679999999999996
7.0	0.0	A	T	0.0945	0.9055
7.0	1.0	A	T	0.1903	0.8097
8.0	0.0	C	G	0.6902	0.30979999999999996
8.0	1.0	C	G	0.1633	0.8367
9.0	0.0	A	T	0.2676	0.7323999999999999
9.0	1.0	A	T	0.234	0.766
10.0	0.0	G	C	0.2376	0.7624
10.0	1.0	G	C	0.013	0.987
11.0	0.0	C	G	0.1369	0.8631
11.0	1.0	C	G	0.6469	0.35309999999999997
12.0	0.0	T	A	0.9224	0.0776
12.0	1.0	T	A	0.2738	0.7262
13.0	0.0	T	A	0.1647	0.8352999999999999
13.0	1.0	T	A	0.9288	0.07120000000000004
14.0	0.0	A	C	0.1252	0.8748
14.0	1.0	A	C	0.7798	0.22019999999999995
15.0	0.0	T	G	0.224	0.776
15.0	1.0	T	G	0.9068	0.09319999999999995
16.0	0.0	A	C	0.1934	0.8066
16.0	1.0	A	C	0.1723	0.8277
17.0	0.0	G	A	0.1148	0.8852
17.0	1.0	G	A	0.8842	0.11580000000000001
18.0	0.0	A	C	0.7984	0.2016
18.0	1.0	A	C	0.6723	0.3277
19.0	0.0	T	G	0.5303	0.4697
19.0	1.0	T	G	0.7629	0.23709999999999998
